<ImportExportXml xmlns:xsi="http://www.w3.org/2001/XMLSchema-instance">
  <Entities>
    <Entity>
      <Name LocalizedName="Contacto" OriginalName="Contact">Contact</Name>
      <ObjectTypeCode>2</ObjectTypeCode>
      <EntityInfo>
        <entity Name="Contact">
          <attributes>
            <attribute PhysicalName="curso_DescripcionActividades">
              <Type>nvarchar</Type>
              <Name>curso_descripcionactividades</Name>
              <LogicalName>curso_descripcionactividades</LogicalName>
              <RequiredLevel>none</RequiredLevel>
              <DisplayMask>ValidForAdvancedFind|ValidForForm|ValidForGrid</DisplayMask>
              <ImeMode>auto</ImeMode>
              <ValidForUpdateApi>1</ValidForUpdateApi>
              <ValidForReadApi>1</ValidForReadApi>
              <ValidForCreateApi>1</ValidForCreateApi>
              <IsCustomField>1</IsCustomField>
              <IsAuditEnabled>0</IsAuditEnabled>
              <IsSecured>0</IsSecured>
              <IntroducedVersion>1.0</IntroducedVersion>
              <IsCustomizable>1</IsCustomizable>
              <IsRenameable>1</IsRenameable>
              <CanModifySearchSettings>1</CanModifySearchSettings>
              <CanModifyRequirementLevelSettings>1</CanModifyRequirementLevelSettings>
              <CanModifyAdditionalSettings>1</CanModifyAdditionalSettings>
              <SourceType>0</SourceType>
              <IsGlobalFilterEnabled>0</IsGlobalFilterEnabled>
              <IsSortableEnabled>0</IsSortableEnabled>
              <CanModifyGlobalFilterSettings>1</CanModifyGlobalFilterSettings>
              <CanModifyIsSortableSettings>1</CanModifyIsSortableSettings>
              <Format>text</Format>
              <MaxLength>200</MaxLength>
              <Length>400</Length>
              <displaynames>
                <displayname description="Descripción de Actividades" languagecode="3082" />
              </displaynames>
              <Descriptions>
                <Description description="" languagecode="3082" />
              </Descriptions>
            </attribute>
            <attribute PhysicalName="curso_Proyectos">
              <Type>int</Type>
              <Name>curso_proyectos</Name>
              <LogicalName>curso_proyectos</LogicalName>
              <RequiredLevel>none</RequiredLevel>
              <DisplayMask>ValidForAdvancedFind|ValidForForm|ValidForGrid</DisplayMask>
              <ImeMode>auto</ImeMode>
              <ValidForUpdateApi>1</ValidForUpdateApi>
              <ValidForReadApi>1</ValidForReadApi>
              <ValidForCreateApi>1</ValidForCreateApi>
              <IsCustomField>1</IsCustomField>
              <IsAuditEnabled>0</IsAuditEnabled>
              <IsSecured>0</IsSecured>
              <IntroducedVersion>1.0</IntroducedVersion>
              <IsCustomizable>1</IsCustomizable>
              <IsRenameable>1</IsRenameable>
              <CanModifySearchSettings>1</CanModifySearchSettings>
              <CanModifyRequirementLevelSettings>1</CanModifyRequirementLevelSettings>
              <CanModifyAdditionalSettings>1</CanModifyAdditionalSettings>
              <SourceType>0</SourceType>
              <IsGlobalFilterEnabled>0</IsGlobalFilterEnabled>
              <IsSortableEnabled>0</IsSortableEnabled>
              <CanModifyGlobalFilterSettings>1</CanModifyGlobalFilterSettings>
              <CanModifyIsSortableSettings>1</CanModifyIsSortableSettings>
              <MinValue>-2147483648</MinValue>
              <MaxValue>2147483647</MaxValue>
              <displaynames>
                <displayname description="Proyectos" languagecode="3082" />
              </displaynames>
              <Descriptions>
                <Description description="" languagecode="3082" />
              </Descriptions>
            </attribute>
            <attribute PhysicalName="curso_Seguidores">
              <Type>int</Type>
              <Name>curso_seguidores</Name>
              <LogicalName>curso_seguidores</LogicalName>
              <RequiredLevel>none</RequiredLevel>
              <DisplayMask>ValidForAdvancedFind|ValidForForm|ValidForGrid</DisplayMask>
              <ImeMode>auto</ImeMode>
              <ValidForUpdateApi>1</ValidForUpdateApi>
              <ValidForReadApi>1</ValidForReadApi>
              <ValidForCreateApi>1</ValidForCreateApi>
              <IsCustomField>1</IsCustomField>
              <IsAuditEnabled>0</IsAuditEnabled>
              <IsSecured>0</IsSecured>
              <IntroducedVersion>1.0</IntroducedVersion>
              <IsCustomizable>1</IsCustomizable>
              <IsRenameable>1</IsRenameable>
              <CanModifySearchSettings>1</CanModifySearchSettings>
              <CanModifyRequirementLevelSettings>1</CanModifyRequirementLevelSettings>
              <CanModifyAdditionalSettings>1</CanModifyAdditionalSettings>
              <SourceType>0</SourceType>
              <IsGlobalFilterEnabled>0</IsGlobalFilterEnabled>
              <IsSortableEnabled>0</IsSortableEnabled>
              <CanModifyGlobalFilterSettings>1</CanModifyGlobalFilterSettings>
              <CanModifyIsSortableSettings>1</CanModifyIsSortableSettings>
              <MinValue>-2147483648</MinValue>
              <MaxValue>2147483647</MaxValue>
              <displaynames>
                <displayname description="Seguidores" languagecode="3082" />
              </displaynames>
              <Descriptions>
                <Description description="" languagecode="3082" />
              </Descriptions>
            </attribute>
            <attribute PhysicalName="curso_Siguiendo">
              <Type>int</Type>
              <Name>curso_siguiendo</Name>
              <LogicalName>curso_siguiendo</LogicalName>
              <RequiredLevel>none</RequiredLevel>
              <DisplayMask>ValidForAdvancedFind|ValidForForm|ValidForGrid</DisplayMask>
              <ImeMode>auto</ImeMode>
              <ValidForUpdateApi>1</ValidForUpdateApi>
              <ValidForReadApi>1</ValidForReadApi>
              <ValidForCreateApi>1</ValidForCreateApi>
              <IsCustomField>1</IsCustomField>
              <IsAuditEnabled>0</IsAuditEnabled>
              <IsSecured>0</IsSecured>
              <IntroducedVersion>1.0</IntroducedVersion>
              <IsCustomizable>1</IsCustomizable>
              <IsRenameable>1</IsRenameable>
              <CanModifySearchSettings>1</CanModifySearchSettings>
              <CanModifyRequirementLevelSettings>1</CanModifyRequirementLevelSettings>
              <CanModifyAdditionalSettings>1</CanModifyAdditionalSettings>
              <SourceType>0</SourceType>
              <IsGlobalFilterEnabled>0</IsGlobalFilterEnabled>
              <IsSortableEnabled>0</IsSortableEnabled>
              <CanModifyGlobalFilterSettings>1</CanModifyGlobalFilterSettings>
              <CanModifyIsSortableSettings>1</CanModifyIsSortableSettings>
              <MinValue>-2147483648</MinValue>
              <MaxValue>2147483647</MaxValue>
              <displaynames>
                <displayname description="Siguiendo" languagecode="3082" />
              </displaynames>
              <Descriptions>
                <Description description="" languagecode="3082" />
              </Descriptions>
            </attribute>
          </attributes>
          <EntitySetName>contacts</EntitySetName>
          <IsDuplicateCheckSupported>1</IsDuplicateCheckSupported>
          <IsBusinessProcessEnabled>1</IsBusinessProcessEnabled>
          <IsRequiredOffline>0</IsRequiredOffline>
          <IsInteractionCentricEnabled>1</IsInteractionCentricEnabled>
          <IsCollaboration>0</IsCollaboration>
          <AutoRouteToOwnerQueue>0</AutoRouteToOwnerQueue>
          <IsConnectionsEnabled>1</IsConnectionsEnabled>
          <EntityColor>#005088</EntityColor>
          <IsDocumentManagementEnabled>0</IsDocumentManagementEnabled>
          <IsOneNoteIntegrationEnabled>0</IsOneNoteIntegrationEnabled>
          <IsKnowledgeManagementEnabled>0</IsKnowledgeManagementEnabled>
          <IsSLAEnabled>0</IsSLAEnabled>
          <IsDocumentRecommendationsEnabled>0</IsDocumentRecommendationsEnabled>
          <IsBPFEntity>0</IsBPFEntity>
          <OwnershipTypeMask>UserOwned</OwnershipTypeMask>
          <EntityMask>ActivityPointer</EntityMask>
          <IsAuditEnabled>0</IsAuditEnabled>
          <IsActivity>0</IsActivity>
          <ActivityTypeMask></ActivityTypeMask>
          <IsActivityParty>1</IsActivityParty>
          <IsReplicated>1</IsReplicated>
          <IsReplicationUserFiltered>1</IsReplicationUserFiltered>
          <IsMailMergeEnabled>1</IsMailMergeEnabled>
          <IsVisibleInMobile>1</IsVisibleInMobile>
          <IsVisibleInMobileClient>1</IsVisibleInMobileClient>
          <IsReadOnlyInMobileClient>0</IsReadOnlyInMobileClient>
          <IsOfflineInMobileClient>1</IsOfflineInMobileClient>
          <DaysSinceRecordLastModified>10</DaysSinceRecordLastModified>
          <MobileOfflineFilters>
		&lt;fetch version="1.0" output-format="xml-platform" mapping="logical" distinct="false"&gt;
			&lt;entity name="contact"&gt;
				&lt;filter type="and"&gt;
					&lt;condition attribute="modifiedon" operator="last-x-days" value="10"/&gt;
				&lt;/filter&gt;
			&lt;/entity&gt;
		&lt;/fetch&gt;
	</MobileOfflineFilters>
          <IsMapiGridEnabled>1</IsMapiGridEnabled>
          <IsReadingPaneEnabled>1</IsReadingPaneEnabled>
          <IsQuickCreateEnabled>1</IsQuickCreateEnabled>
          <SyncToExternalSearchIndex>1</SyncToExternalSearchIndex>
          <IntroducedVersion>5.0.0.0</IntroducedVersion>
          <EnforceStateTransitions>0</EnforceStateTransitions>
          <EntityHelpUrlEnabled>0</EntityHelpUrlEnabled>
          <ChangeTrackingEnabled>1</ChangeTrackingEnabled>
          <IsEnabledForExternalChannels>1</IsEnabledForExternalChannels>
          <HasRelatedNotes>True</HasRelatedNotes>
          <HasRelatedFeedback>True</HasRelatedFeedback>
          <HasRelatedActivities>True</HasRelatedActivities>
        </entity>
      </EntityInfo>
      <FormXml>
        <forms type="main">
          <systemform>
            <formid>{85032b7b-a37a-416d-a9b4-21bd43eb2f4d}</formid>
            <IntroducedVersion>1.0</IntroducedVersion>
            <FormPresentation>1</FormPresentation>
            <FormActivationState>1</FormActivationState>
            <form showImage="false" shownavigationbar="false" maxWidth="1900">
              <ancestor id="{1fed44d1-ae68-4a41-bd2b-f13acac4acfa}" />
              <hiddencontrols>
                <data id="fullname" datafieldname="fullname" classid="{5546E6CD-394C-4bee-94A8-4425E17EF6C6}" />
                <data id="address1_addressid" datafieldname="address1_addressid" classid="{5546E6CD-394C-4bee-94A8-4425E17EF6C6}" />
                <data id="address2_addressid" datafieldname="address2_addressid" classid="{5546E6CD-394C-4bee-94A8-4425E17EF6C6}" />
              </hiddencontrols>
              <tabs>
                <tab name="tab_4" id="{2ad8a85e-c73d-1003-d088-793a9199e578}" IsUserDefined="0" locklevel="0" showlabel="true" labelid="{057e6dab-f72d-4ff8-9502-eb759b4d52e8}" expanded="true">
                  <labels>
                    <label description="Ficha" languagecode="3082" />
                  </labels>
                  <columns>
                    <column width="50%">
                      <sections>
                        <section name="tab_4_section_1" showlabel="false" showbar="false" locklevel="0" id="{7aa5a1b0-8edd-7257-095e-cd63906156be}" IsUserDefined="0" layout="varwidth" columns="1" labelwidth="115" labelid="{701a57ff-d0d2-4483-8f9e-cda4adc49320}">
                          <labels>
                            <label description="Sección" languagecode="3082" />
                          </labels>
                          <rows>
                            <row>
                              <cell id="{542e581d-cca1-5e40-e6d9-d67a9d1468b4}" showlabel="true" locklevel="0" labelid="{88ec855b-d0ee-4492-93e4-24e1a4b03590}">
                                <labels>
                                  <label description="Nombre completo" languagecode="3082" />
                                </labels>
                                <control id="fullname" classid="{4273EDBD-AC1D-40d3-9FB2-095C621B552D}" datafieldname="fullname" disabled="false" />
                              </cell>
                            </row>
                            <row>
                              <cell id="{07326cde-7529-ddc0-e421-c0bcddd07b8a}" showlabel="true" labelid="{5fed6410-1fa8-47db-bed8-dee1248b173f}">
                                <labels>
                                  <label description="Puesto" languagecode="3082" />
                                </labels>
                                <control id="jobtitle" classid="{4273EDBD-AC1D-40d3-9FB2-095C621B552D}" datafieldname="jobtitle" disabled="false" />
                              </cell>
                            </row>
                            <row>
                              <cell id="{7d538a97-98eb-b438-72de-57a808b9a308}" showlabel="true" labelid="{f27f0739-7c5b-44ac-91ab-ed7bf1c8d4fb}">
                                <labels>
                                  <label description="Correo electrónico" languagecode="3082" />
                                </labels>
                                <control id="emailaddress1" classid="{ADA2203E-B4CD-49be-9DDF-234642B43B52}" datafieldname="emailaddress1" disabled="false" />
                              </cell>
                            </row>
                            <row>
                              <cell id="{215da2d0-2b64-3481-8d2d-16107d4d7e5b}" showlabel="true" labelid="{a54789fc-5a89-44ab-9495-c4f0c95ac251}">
                                <labels>
                                  <label description="Teléfono del trabajo" languagecode="3082" />
                                </labels>
                                <control id="telephone1" classid="{4273EDBD-AC1D-40d3-9FB2-095C621B552D}" datafieldname="telephone1" disabled="false" />
                              </cell>
                            </row>
                            <row>
                              <cell id="{133d09d6-c374-954a-315b-435e1eeb722c}" showlabel="true" locklevel="0" labelid="{a2684a11-0e5b-4c4e-8089-44c624074598}">
                                <labels>
                                  <label description="Dirección" languagecode="3082" />
                                </labels>
                                <control id="address1_composite" classid="{E0DECE4B-6FC8-4a8f-A065-082708572369}" datafieldname="address1_composite" disabled="false" />
                              </cell>
                            </row>
                            <row>
                              <cell id="{408dda0b-48a7-c05c-e29a-56a93eb97172}" showlabel="true" labelid="{34a1d6a7-b72b-4089-8cbc-d0571b43a6f8}">
                                <labels>
                                  <label description="Método de contacto preferido" languagecode="3082" />
                                </labels>
                                <control id="preferredcontactmethodcode" classid="{3EF39988-22BB-4f0b-BBBE-64B5A3748AEE}" datafieldname="preferredcontactmethodcode" disabled="false" />
                              </cell>
                            </row>
                          </rows>
                        </section>
                      </sections>
                    </column>
                    <column width="50%">
                      <sections>
                        <section name="tab_4_section_2" showlabel="false" showbar="false" locklevel="0" id="{6daad43d-602a-e01c-ae2b-ec54428994c7}" IsUserDefined="0" layout="varwidth" columns="1" labelwidth="115" labelid="{302193da-7739-4dc6-9f8d-4b85c195bcdd}">
                          <labels>
                            <label description="Sección" languagecode="3082" />
                          </labels>
                          <rows>
                            <row>
                              <cell id="{a54c19c9-4722-ce25-60c5-2bb9452680d2}" showlabel="true" locklevel="0" labelid="{f1e85055-9646-40b1-af74-0f50613fe8e7}">
                                <labels>
                                  <label description="Nombre de cuenta" languagecode="3082" />
                                </labels>
                                <control id="parentcustomerid" classid="{270BD3DB-D9AF-4782-9025-509E298DEC0A}" datafieldname="parentcustomerid" disabled="false" />
                              </cell>
                            </row>
                            <row>
                              <cell id="{6d140cda-1a2c-c708-6e5c-2caa14b443d4}" showlabel="true" locklevel="0">
                                <labels>
                                  <label description="Descripción de Actividades" languagecode="3082" />
                                </labels>
                                <control id="curso_descripcionactividades" classid="{4273EDBD-AC1D-40d3-9FB2-095C621B552D}" datafieldname="curso_descripcionactividades" disabled="false" />
                              </cell>
                            </row>
                            <row>
                              <cell id="{20678788-9d99-0c58-8006-a652e435d53b}" showlabel="true" locklevel="0">
                                <labels>
                                  <label description="Seguidores" languagecode="3082" />
                                </labels>
                                <control id="curso_seguidores" classid="{C6D124CA-7EDA-4a60-AEA9-7FB8D318B68F}" datafieldname="curso_seguidores" disabled="false" />
                              </cell>
                            </row>
                            <row>
                              <cell id="{a51a5a98-ad64-d5d0-1919-33d016e581c4}" showlabel="true" locklevel="0">
                                <labels>
                                  <label description="Siguiendo" languagecode="3082" />
                                </labels>
                                <control id="curso_siguiendo" classid="{C6D124CA-7EDA-4a60-AEA9-7FB8D318B68F}" datafieldname="curso_siguiendo" disabled="false" />
                              </cell>
                            </row>
                            <row>
                              <cell id="{7bc1a6ba-7c83-b07c-5d3b-b8cc2404d70e}" showlabel="true" locklevel="0">
                                <labels>
                                  <label description="Proyectos" languagecode="3082" />
                                </labels>
                                <control id="curso_proyectos" classid="{C6D124CA-7EDA-4a60-AEA9-7FB8D318B68F}" datafieldname="curso_proyectos" disabled="false" />
                              </cell>
                            </row>
                          </rows>
                        </section>
                      </sections>
                    </column>
                  </columns>
                </tab>
                <tab name="SUMMARY_TAB" id="{15bb2d4b-71da-74ea-3c5b-e497d78a55a2}" IsUserDefined="0" showlabel="true" expanded="true" locklevel="0" visible="false" labelid="{006d6a11-3691-4748-9a5a-bb97a3cbc541}">
                  <labels>
                    <label description="Resumen" languagecode="3082" />
                  </labels>
                  <columns>
                    <column width="28%">
                      <sections>
                        <section name="CONTACT_INFORMATION" showlabel="true" showbar="false" id="{9d943649-0387-1882-caa1-36de40d5a86c}" IsUserDefined="0" layout="varwidth" columns="1" labelwidth="115" celllabelposition="Left" labelid="{f4f0b847-f634-4559-8174-97d5ad05cd28}">
                          <labels>
                            <label description="INFORMACIÓN DE CONTACTO" languagecode="3082" />
                          </labels>
                          <rows>
                            <row>
                              <cell id="{290b48ba-c0cc-7746-6dda-93e240e4cc78}" showlabel="true" labelid="{1d3c3a09-45ff-49c5-ac9c-0846338229cf}">
                                <labels>
                                  <label description="Teléfono móvil" languagecode="3082" />
                                </labels>
                                <control id="mobilephone" classid="{4273EDBD-AC1D-40d3-9FB2-095C621B552D}" datafieldname="mobilephone" disabled="false" />
                              </cell>
                            </row>
                            <row>
                              <cell id="{1b54cdb3-1582-c29e-cc9e-9d4bc2a5700b}" showlabel="true" labelid="{b76f870c-6c49-43af-a619-48d8328ebb12}">
                                <labels>
                                  <label description="Fax" languagecode="3082" />
                                </labels>
                                <control id="fax" classid="{4273EDBD-AC1D-40d3-9FB2-095C621B552D}" datafieldname="fax" disabled="false" />
                              </cell>
                            </row>
                          </rows>
                        </section>
                        <section name="MapSection" showlabel="false" showbar="false" id="{e0109668-cb5b-4b6c-8ca6-9d0c4b24f385}" IsUserDefined="0" layout="varwidth" columns="1" labelwidth="115" celllabelposition="Left" labelid="{a3c69633-206e-40d0-af7c-d60b5f1aa4b4}">
                          <labels>
                            <label description="" languagecode="3082" />
                          </labels>
                          <rows>
                            <row>
                              <cell id="{4a07b010-3ae2-440c-adbd-7fe13249b0d7}" showlabel="false" rowspan="9" colspan="1" auto="false" labelid="{45116f0d-ab73-47a1-87a9-24ea0fbe09f8}">
                                <labels>
                                  <label description="Vista de mapa" languagecode="3082" />
                                </labels>
                                <control id="mapcontrol" classid="{62B0DF79-0464-470F-8AF7-4483CFEA0C7D}">
                                  <parameters>
                                    <AddressField>address1_composite</AddressField>
                                  </parameters>
                                </control>
                              </cell>
                            </row>
                            <row />
                            <row />
                            <row />
                            <row />
                            <row />
                            <row />
                            <row />
                            <row />
                          </rows>
                        </section>
                      </sections>
                    </column>
                    <column width="44%">
                      <sections>
                        <section name="SOCIAL_PANE_TAB" showlabel="false" showbar="false" id="{bea579b8-8901-77b0-1128-351760e68bd4}" IsUserDefined="0" layout="varwidth" columns="1" labelwidth="115" celllabelposition="Top" labelid="{ce950217-f8d8-4526-91bc-4e62ef92b75a}">
                          <labels>
                            <label description="PANEL DE REDES SOCIALES" languagecode="3082" />
                          </labels>
                          <rows>
                            <row>
                              <cell id="{db701364-1d99-369c-c409-11d17878e513}" showlabel="false" rowspan="23" auto="false" colspan="1" labelid="{0303c4a6-8a9e-4c80-866f-ae5f53c5a8a1}">
                                <labels>
                                  <label description="" languagecode="3082" />
                                </labels>
                                <control id="notescontrol" classid="{06375649-C143-495E-A496-C962E5B4488E}" disabled="false" />
                              </cell>
                            </row>
                            <row />
                            <row />
                            <row />
                            <row />
                            <row />
                            <row />
                            <row />
                            <row />
                            <row />
                            <row />
                            <row />
                            <row />
                            <row />
                            <row />
                            <row />
                            <row />
                            <row />
                            <row />
                            <row />
                            <row />
                            <row />
                            <row />
                          </rows>
                        </section>
                      </sections>
                    </column>
                    <column width="28%">
                      <sections>
                        <section name="CUSTOMER_DETAILS_TAB" showlabel="false" showbar="false" id="{0ed6b616-7ef0-4ffe-9a77-610beef03f9c}" IsUserDefined="0" layout="varwidth" columns="1" labelwidth="115" celllabelposition="Top" labelid="{62ff3ad7-585b-4551-9f5b-f4d3699be19c}">
                          <labels>
                            <label description="DETALLES DEL CLIENTE" languagecode="3082" />
                          </labels>
                          <rows>
                            <row>
                              <cell id="{98f3b282-986b-4ace-9df9-9f47e1740e0d}" showlabel="true" labelid="{d00f7af6-0257-4032-92d1-0d6aab24b3b2}">
                                <labels>
                                  <label description="Compañía" languagecode="3082" />
                                </labels>
                                <control id="parentcustomerid" classid="{270BD3DB-D9AF-4782-9025-509E298DEC0A}" datafieldname="parentcustomerid" disabled="false">
                                  <parameters>
                                    <AutoResolve>true</AutoResolve>
                                    <DisableMru>false</DisableMru>
                                  </parameters>
                                </control>
                              </cell>
                            </row>
                            <row>
                              <cell id="{309AA48F-B748-4C9E-A0A8-F8A93BE633E5}" colspan="1" showlabel="false" labelid="{01b3bae9-2576-484d-b53c-40dbfe6af486}">
                                <labels>
                                  <label description="Nombre de la compañía" languagecode="3082" />
                                </labels>
                                <control id="contactquickform" classid="{5C5600E0-1D6E-4205-A272-BE80DA87FD42}" datafieldname="parentcustomerid" disabled="false">
                                  <parameters>
                                    <QuickForms>&lt;QuickFormIds&gt;&lt;QuickFormId entityname="contact"&gt;29DE27BC-A257-4F29-99CF-BAB4A84E688F&lt;/QuickFormId&gt;&lt;/QuickFormIds&gt;</QuickForms>
                                    <ControlMode>Edit</ControlMode>
                                  </parameters>
                                </control>
                              </cell>
                            </row>
                            <row>
                              <cell id="{6120B848-D4DA-45E2-9E0D-EFD7D3898E50}" showlabel="true" colspan="1" rowspan="5" labelid="{037a1be8-0fe3-49e4-a962-6f1d921fced2}">
                                <labels>
                                  <label description="CASOS RECIENTES" languagecode="3082" />
                                </labels>
                                <control id="contactcasessgrid" classid="{E7A81278-8635-4d9e-8D4D-59480B391C5B}">
                                  <parameters>
                                    <TargetEntityType>incident</TargetEntityType>
                                    <ViewId>{EBD1D24A-EEA7-E211-9FB6-00155DD0EA05}</ViewId>
                                    <RelationshipName>incident_customer_contacts</RelationshipName>
                                    <AutoExpand>Fixed</AutoExpand>
                                    <EnableQuickFind>false</EnableQuickFind>
                                    <EnableViewPicker>false</EnableViewPicker>
                                    <EnableJumpBar>false</EnableJumpBar>
                                    <EnableChartPicker>false</EnableChartPicker>
                                    <RecordsPerPage>5</RecordsPerPage>
                                    <EnableContextualActions>true</EnableContextualActions>
                                    <IsUserView>false</IsUserView>
                                    <ViewIds>{00000000-0000-0000-00AA-000010001028},{EBD1D24A-EEA7-E211-9FB6-00155DD0EA05}</ViewIds>
                                    <ChartGridMode>Grid</ChartGridMode>
                                    <VisualizationId>{F10375A6-4893-DE11-97D4-00155DA3B01E}</VisualizationId>
                                    <IsUserChart>false</IsUserChart>
                                  </parameters>
                                </control>
                              </cell>
                            </row>
                            <row />
                            <row />
                            <row />
                            <row />
                            <row>
                              <cell id="{18922d47-153a-1a49-e025-dd6a6eb57d9d}" showlabel="true" colspan="1" rowspan="5" labelid="{86833237-ba62-4038-8882-e3dfcbe94dd6}">
                                <labels>
                                  <label description="OPORTUNIDADES RECIENTES" languagecode="3082" />
                                </labels>
                                <control id="contactopportunitiesgrid" classid="{E7A81278-8635-4d9e-8D4D-59480B391C5B}">
                                  <parameters>
                                    <ViewId>{9C3F7EE8-ECA7-E211-9FB6-00155DD0EA05}</ViewId>
                                    <RelationshipName>opportunity_customer_contacts</RelationshipName>
                                    <TargetEntityType>opportunity</TargetEntityType>
                                    <AutoExpand>Fixed</AutoExpand>
                                    <EnableQuickFind>false</EnableQuickFind>
                                    <EnableViewPicker>false</EnableViewPicker>
                                    <EnableJumpBar>false</EnableJumpBar>
                                    <EnableChartPicker>false</EnableChartPicker>
                                    <RecordsPerPage>5</RecordsPerPage>
                                    <IsUserView>false</IsUserView>
                                    <ViewIds>{00000000-0000-0000-00AA-000010003000},{9C3F7EE8-ECA7-E211-9FB6-00155DD0EA05}</ViewIds>
                                    <ChartGridMode>Grid</ChartGridMode>
                                    <VisualizationId>{8BC5FB18-48F2-4782-9E16-3D452FA4DDCE}</VisualizationId>
                                    <IsUserChart>false</IsUserChart>
                                  </parameters>
                                </control>
                              </cell>
                            </row>
                            <row />
                            <row />
                            <row />
                            <row />
                            <row>
                              <cell id="{3e3b602b-b821-4775-ae5d-fedf7ae56508}" showlabel="true" colspan="1" rowspan="7" labelid="{1b7046f1-2b26-4123-be1c-d6090d362229}">
                                <labels>
                                  <label description="DERECHOS" languagecode="3082" />
                                </labels>
                                <control id="subgrid_Entitlement" classid="{E7A81278-8635-4d9e-8D4D-59480B391C5B}">
                                  <parameters>
                                    <ViewId>{d227ed1d-362f-4ab5-8125-684d5f52caeb}</ViewId>
                                    <IsUserView>false</IsUserView>
                                    <RelationshipName>contact_entitlement_Customer</RelationshipName>
                                    <TargetEntityType>entitlement</TargetEntityType>
                                    <AutoExpand>Auto</AutoExpand>
                                    <EnableQuickFind>false</EnableQuickFind>
                                    <EnableViewPicker>false</EnableViewPicker>
                                    <EnableJumpBar>false</EnableJumpBar>
                                    <ChartGridMode>Grid</ChartGridMode>
                                    <VisualizationId />
                                    <IsUserChart>false</IsUserChart>
                                    <EnableChartPicker>false</EnableChartPicker>
                                    <RecordsPerPage>6</RecordsPerPage>
                                  </parameters>
                                </control>
                              </cell>
                            </row>
                            <row />
                            <row />
                            <row />
                            <row />
                            <row />
                            <row />
                          </rows>
                        </section>
                      </sections>
                    </column>
                  </columns>
                </tab>
                <tab name="PowerTriviaTab" id="{eea6ecd9-7357-625a-5aee-377c0d343741}" IsUserDefined="0" locklevel="0" showlabel="true" expanded="true" visible="false" labelid="{1d687109-b531-467f-9e1d-becaf6e6ffba}">
                  <labels>
                    <label description="PowerTrivia" languagecode="3082" />
                  </labels>
                  <columns>
                    <column width="100%">
                      <sections>
                        <section name="PowerTrivia" showlabel="false" showbar="false" locklevel="0" id="{2b7530c7-0b1b-564b-8ee1-824aa89c250e}" IsUserDefined="0" layout="varwidth" columns="1" labelwidth="115" celllabelalignment="Left" celllabelposition="Left" labelid="{8cb6ee95-78d5-4f0f-8345-1f9cabfec038}">
                          <labels>
                            <label description="PowerTrivia" languagecode="3082" />
                          </labels>
                          <rows>
                            <row>
                              <cell id="{7cadc0cc-84a1-2660-248a-51d1d168eb72}" showlabel="true" locklevel="0" labelid="{4aef6053-36dd-410c-8627-ce059638c9fd}">
                                <labels>
                                  <label description="Game Playing" languagecode="3082" />
                                </labels>
                                <control id="potrv_gameplaying" classid="{4273EDBD-AC1D-40d3-9FB2-095C621B552D}" datafieldname="potrv_gameplaying" disabled="true" />
                              </cell>
                            </row>
                            <row>
                              <cell id="{0a42d698-98a0-69ab-4bd4-2a989dc770b0}" showlabel="true" locklevel="0" labelid="{ac75efc7-3a26-4199-9ca3-64419e80a9c1}">
                                <labels>
                                  <label description="Trivia Score" languagecode="3082" />
                                </labels>
                                <control id="potrv_triviascore" classid="{C6D124CA-7EDA-4a60-AEA9-7FB8D318B68F}" datafieldname="potrv_triviascore" disabled="false" />
                              </cell>
                            </row>
                            <row>
                              <cell id="{e8397532-1938-9a32-d564-09d8228cc3ca}" showlabel="true" locklevel="0" labelid="{f8ef2bb5-b77b-43f1-b616-d028e9dc4fd8}">
                                <labels>
                                  <label description="Questions Correct" languagecode="3082" />
                                </labels>
                                <control id="potrv_questionscorrect" classid="{C6D124CA-7EDA-4a60-AEA9-7FB8D318B68F}" datafieldname="potrv_questionscorrect" disabled="false" />
                              </cell>
                            </row>
                            <row>
                              <cell id="{47958938-53aa-a4a8-0244-66ab1b20ba1e}" showlabel="true" locklevel="0" labelid="{eeefa574-0afd-4e85-9168-06f420c91b98}">
                                <labels>
                                  <label description="Questions Taken" languagecode="3082" />
                                </labels>
                                <control id="potrv_questionstaken" classid="{C6D124CA-7EDA-4a60-AEA9-7FB8D318B68F}" datafieldname="potrv_questionstaken" disabled="false" />
                              </cell>
                            </row>
                          </rows>
                        </section>
                      </sections>
                    </column>
                  </columns>
                </tab>
                <tab name="DETAILS_TAB" id="{fe1c5c3b-d556-4552-a444-4781214a6d63}" IsUserDefined="0" expanded="true" showlabel="true" locklevel="0" visible="false" labelid="{518f7f62-84c6-4344-b0c0-c12464bfdc5e}">
                  <labels>
                    <label description="Detalles" languagecode="3082" />
                  </labels>
                  <columns>
                    <column width="34%">
                      <sections>
                        <section name="PERSONAL INFORMATION" showlabel="true" showbar="false" id="{0F64B9A3-01F2-4411-B0B5-6C6C39D7B011}" IsUserDefined="0" columns="1" labelwidth="115" celllabelposition="Left" labelid="{9c802607-7a92-458e-9ee5-598d1f1979c2}">
                          <labels>
                            <label description="PERSONAL" languagecode="3082" />
                          </labels>
                          <rows>
                            <row>
                              <cell id="{cb391eb8-02ec-0ee6-9d92-6996d4311809}" showlabel="true" labelid="{547c2665-ab5e-4bef-b0e5-db16b0036fa5}">
                                <labels>
                                  <label description="Sexo" languagecode="3082" />
                                </labels>
                                <control id="gendercode" classid="{3EF39988-22BB-4f0b-BBBE-64B5A3748AEE}" datafieldname="gendercode" disabled="false" />
                              </cell>
                            </row>
                            <row>
                              <cell id="{2d8cee50-7123-01e7-c2cc-0068c0ecc4c0}" showlabel="true" labelid="{f67bd2f3-d8ad-4e0c-8ca3-44062b4cebe6}">
                                <labels>
                                  <label description="Estado civil" languagecode="3082" />
                                </labels>
                                <control id="familystatuscode" classid="{3EF39988-22BB-4f0b-BBBE-64B5A3748AEE}" datafieldname="familystatuscode" disabled="false" />
                              </cell>
                            </row>
                            <row>
                              <cell id="{450c5a59-c7de-1289-0934-9a04bc4e1c72}" showlabel="true" labelid="{49726df5-2596-4f14-9185-7c1722df53c7}">
                                <labels>
                                  <label description="Nombre del cónyuge o pareja" languagecode="3082" />
                                </labels>
                                <control id="spousesname" classid="{4273EDBD-AC1D-40d3-9FB2-095C621B552D}" datafieldname="spousesname" disabled="false" />
                              </cell>
                            </row>
                            <row>
                              <cell id="{bac50a31-27a0-c7e2-3ab3-5d6aa8895c6e}" showlabel="true" labelid="{98a60142-7dac-41a4-98a4-9dd32f20fad5}">
                                <labels>
                                  <label description="Cumpleaños" languagecode="3082" />
                                </labels>
                                <control id="birthdate" classid="{5B773807-9FB2-42db-97C3-7A91EFF8ADFF}" datafieldname="birthdate" disabled="false" />
                              </cell>
                            </row>
                            <row>
                              <cell id="{ba714204-2499-db47-78e0-d8795307301d}" showlabel="true" labelid="{58a096c6-a81f-4588-bbb2-d1a93e36a07e}">
                                <labels>
                                  <label description="Aniversario" languagecode="3082" />
                                </labels>
                                <control id="anniversary" classid="{5B773807-9FB2-42db-97C3-7A91EFF8ADFF}" datafieldname="anniversary" disabled="false" />
                              </cell>
                            </row>
                          </rows>
                        </section>
                        <section name="PERSONAL_NOTES_SECTION" showlabel="true" showbar="false" locklevel="0" id="{9435d60e-c5ac-2462-a159-414573dc2e45}" IsUserDefined="0" layout="varwidth" columns="1" labelwidth="115" celllabelalignment="Left" celllabelposition="Top" labelid="{2099cb8d-bc6a-4539-b21e-be53392712fc}">
                          <labels>
                            <label description="NOTAS PERSONALES" languagecode="3082" />
                          </labels>
                          <rows>
                            <row>
                              <cell id="{d0c6aad7-7064-924e-b0e0-718dc557ccee}" showlabel="false" locklevel="0" rowspan="5" labelid="{f0266be2-3fa4-4ed7-ad65-04cd3fdeaab1}">
                                <labels>
                                  <label description="Descripción" languagecode="3082" />
                                </labels>
                                <control id="description" classid="{E0DECE4B-6FC8-4a8f-A065-082708572369}" datafieldname="description" disabled="false" />
                              </cell>
                            </row>
                            <row />
                            <row />
                            <row />
                            <row />
                          </rows>
                        </section>
                      </sections>
                    </column>
                    <column width="33%">
                      <sections>
                        <section name="marketing information" showlabel="true" showbar="false" locklevel="0" id="{a188d8ee-35d1-4f22-acf7-9588059a3f08}" IsUserDefined="0" layout="varheight" columns="1" labelwidth="115" celllabelposition="Left" labelid="{4ea0cc89-7a6d-4de5-92ea-7f63b3f3011a}">
                          <labels>
                            <label description="MARKETING" languagecode="3082" />
                          </labels>
                          <rows>
                            <row>
                              <cell id="{aa4adcc8-47a8-4e93-865c-72d2c903c96b}" labelid="{777d841a-35ba-439a-95ff-eb554def2888}">
                                <labels>
                                  <label description="Cliente potencial original" languagecode="3082" />
                                </labels>
                                <control id="originatingleadid" classid="{270BD3DB-D9AF-4782-9025-509E298DEC0A}" datafieldname="originatingleadid" />
                              </cell>
                            </row>
                            <row>
                              <cell auto="false" showlabel="true" locklevel="0" rowspan="1" colspan="1" id="{75747bee-2170-46fe-b85b-732679103ee5}" labelid="{0072457f-910c-48c9-b61c-0635e16cacc5}">
                                <labels>
                                  <label description="Último día de la campaña" languagecode="3082" />
                                </labels>
                                <control id="lastusedincampaign" classid="{5B773807-9FB2-42db-97C3-7A91EFF8ADFF}" datafieldname="lastusedincampaign" disabled="true" />
                              </cell>
                            </row>
                            <row>
                              <cell auto="false" showlabel="true" locklevel="0" rowspan="1" colspan="1" id="{1a224ceb-1db9-40c6-981c-044971de7ccb}" labelid="{7a00770c-c6d1-4bf0-9563-f64bba15a42a}">
                                <labels>
                                  <label description="Materiales de marketing" languagecode="3082" />
                                </labels>
                                <control id="donotsendmm" classid="{67FAC785-CD58-4f9f-ABB3-4B7DDC6ED5ED}" datafieldname="donotsendmm" disabled="false" />
                              </cell>
                            </row>
                          </rows>
                        </section>
                        <section name="CONTACT_PREFERENCES" showlabel="true" showbar="false" id="{42aa148d-17fa-4c73-8213-bd22400b74ea}" IsUserDefined="0" columns="1" labelwidth="115" celllabelposition="Left" labelid="{fc282dd4-b442-40d4-a0cd-bf38f1cffefa}">
                          <labels>
                            <label description="PREFERENCIAS DE CONTACTO" languagecode="3082" />
                          </labels>
                          <rows>
                            <row>
                              <cell id="{d4ec2d52-6658-cee9-4a2a-7a8029ad1862}" showlabel="true" locklevel="0" labelid="{92b91958-c6c3-4c45-b2ff-a9deb353fba8}">
                                <labels>
                                  <label description="Forma de contacto" languagecode="3082" />
                                </labels>
                                <control id="preferredcontactmethodcode" classid="{3EF39988-22BB-4f0b-BBBE-64B5A3748AEE}" datafieldname="preferredcontactmethodcode" disabled="false" />
                              </cell>
                            </row>
                            <row>
                              <cell id="{f0b4951b-b5ec-4103-b69d-7ac2ad176ee4}" labelid="{2e648112-f460-4f9b-8b97-e18c45be9894}">
                                <labels>
                                  <label description="Correo" languagecode="3082" />
                                </labels>
                                <control id="donotemail" classid="{67FAC785-CD58-4f9f-ABB3-4B7DDC6ED5ED}" datafieldname="donotemail" />
                              </cell>
                            </row>
                            <row>
                              <cell id="{2344e926-ebe5-43a9-a634-98a98b1b9267}" labelid="{1249343e-4b1d-4bab-b470-c02eb1080e7d}">
                                <labels>
                                  <label description="Seguir correo" languagecode="3082" />
                                </labels>
                                <control id="followemail" classid="{67FAC785-CD58-4f9f-ABB3-4B7DDC6ED5ED}" datafieldname="followemail" />
                              </cell>
                            </row>
                            <row>
                              <cell id="{041968bd-14fe-486a-baa0-719e7691e6ee}" labelid="{1570d2b2-6d30-454c-b42b-804b25e9ad15}">
                                <labels>
                                  <label description="Correo en masa" languagecode="3082" />
                                </labels>
                                <control id="donotbulkemail" classid="{67FAC785-CD58-4f9f-ABB3-4B7DDC6ED5ED}" datafieldname="donotbulkemail" />
                              </cell>
                            </row>
                            <row>
                              <cell id="{569cf3bd-3b14-46d8-a03a-22e6317d1d41}" labelid="{13bfad35-0801-4681-88a3-ea8c6ed4b0e7}">
                                <labels>
                                  <label description="Teléfono" languagecode="3082" />
                                </labels>
                                <control id="donotphone" classid="{67FAC785-CD58-4f9f-ABB3-4B7DDC6ED5ED}" datafieldname="donotphone" />
                              </cell>
                            </row>
                            <row>
                              <cell id="{28d804f2-b314-42f6-92f8-982f4929bd6f}" labelid="{b0ba53a2-c408-420c-a14d-a5a7bc4942f7}">
                                <labels>
                                  <label description="Fax" languagecode="3082" />
                                </labels>
                                <control id="donotfax" classid="{67FAC785-CD58-4f9f-ABB3-4B7DDC6ED5ED}" datafieldname="donotfax" />
                              </cell>
                            </row>
                            <row>
                              <cell id="{dfe9aafd-1acc-488d-b31e-feef6f63a34d}" labelid="{17dda7e7-5b2f-4602-8915-1858ecb1c0b6}">
                                <labels>
                                  <label description="Correo" languagecode="3082" />
                                </labels>
                                <control id="donotpostalmail" classid="{67FAC785-CD58-4f9f-ABB3-4B7DDC6ED5ED}" datafieldname="donotpostalmail" />
                              </cell>
                            </row>
                          </rows>
                        </section>
                      </sections>
                    </column>
                    <column width="33%">
                      <sections>
                        <section name="billing information" showlabel="true" showbar="false" id="{4565ac06-d780-4467-9baa-d03d6af45ae7}" IsUserDefined="0" columns="1" labelwidth="115" celllabelposition="Left" labelid="{103a5a3e-e9e1-4347-acde-f14a2e8ac156}">
                          <labels>
                            <label description="FACTURACIÓN" languagecode="3082" />
                          </labels>
                          <rows>
                            <row>
                              <cell id="{4e7b2783-1a45-4a13-bfd6-e12915e74161}" labelid="{9d97f9bf-ad38-4f01-ab9d-17ac233973ff}">
                                <labels>
                                  <label description="Divisa" languagecode="3082" />
                                </labels>
                                <control id="transactioncurrencyid" classid="{270BD3DB-D9AF-4782-9025-509E298DEC0A}" datafieldname="transactioncurrencyid" />
                              </cell>
                            </row>
                            <row>
                              <cell id="{6b03860a-a677-48f1-bfdc-a04faf8b151c}" labelid="{8431799c-81eb-4b89-88f2-becf2f29e928}">
                                <labels>
                                  <label description="Límite del crédito" languagecode="3082" />
                                </labels>
                                <control id="creditlimit" classid="{533B9E00-756B-4312-95A0-DC888637AC78}" datafieldname="creditlimit" />
                              </cell>
                            </row>
                            <row>
                              <cell id="{64e56163-0a77-46c9-9872-50b94d661d96}" labelid="{5b78fa3a-bd23-4e58-a239-761f2a8dbafd}">
                                <labels>
                                  <label description="Suspensión de crédito" languagecode="3082" />
                                </labels>
                                <control id="creditonhold" classid="{67FAC785-CD58-4f9f-ABB3-4B7DDC6ED5ED}" datafieldname="creditonhold" />
                              </cell>
                            </row>
                            <row>
                              <cell id="{9980090e-c75b-4bc9-834f-63ba6e3a93f2}" labelid="{00c4c551-4e9b-407c-933c-f3a7091158d5}">
                                <labels>
                                  <label description="Condiciones de pago" languagecode="3082" />
                                </labels>
                                <control id="paymenttermscode" classid="{3EF39988-22BB-4f0b-BBBE-64B5A3748AEE}" datafieldname="paymenttermscode" />
                              </cell>
                            </row>
                          </rows>
                        </section>
                        <section name="shipping information" showlabel="true" showbar="false" id="{19e024e7-16f7-40c6-a1d6-e8672a639011}" IsUserDefined="0" columns="1" labelwidth="115" celllabelposition="Left" labelid="{d759368c-36bf-4528-be00-83446e0b3b56}">
                          <labels>
                            <label description="ENVÍO" languagecode="3082" />
                          </labels>
                          <rows>
                            <row>
                              <cell id="{aa10fd1b-42f6-4e26-b42c-6ab4effc54d0}" labelid="{9e4feba2-12e6-49a2-bc29-f44e1487ad08}">
                                <labels>
                                  <label description="Modo de envío" languagecode="3082" />
                                </labels>
                                <control id="address1_shippingmethodcode" classid="{3EF39988-22BB-4f0b-BBBE-64B5A3748AEE}" datafieldname="address1_shippingmethodcode" />
                              </cell>
                            </row>
                            <row>
                              <cell id="{bbb8d9cb-6c80-47f2-885b-d4a5d6384c07}" labelid="{89b97ae9-5d2f-48b1-b2c8-762a2fc5d116}">
                                <labels>
                                  <label description="Condiciones de flete" languagecode="3082" />
                                </labels>
                                <control id="address1_freighttermscode" classid="{3EF39988-22BB-4f0b-BBBE-64B5A3748AEE}" datafieldname="address1_freighttermscode" />
                              </cell>
                            </row>
                          </rows>
                        </section>
                      </sections>
                    </column>
                  </columns>
                </tab>
              </tabs>
              <header id="{3ff9aa06-4e43-41ce-afa9-22a038af5c19}" celllabelposition="Top" columns="1" labelwidth="115">
                <rows>
                  <row>
                    <cell id="{24be01cc-16a6-8eea-8916-42d20a1097ae}" showlabel="true" locklevel="1" labelid="{dd3f78f7-ec14-4270-a401-95c7669a237c}">
                      <labels>
                        <label description="Propietario" languagecode="3082" />
                      </labels>
                      <control id="header_ownerid" classid="{270BD3DB-D9AF-4782-9025-509E298DEC0A}" datafieldname="ownerid" />
                    </cell>
                  </row>
                </rows>
              </header>
              <clientresources>
                <internalresources>
                  <clientincludes>
                    <internaljscriptfile src="$webresource:Contact_main_system_library.js" />
                  </clientincludes>
                </internalresources>
              </clientresources>
              <events>
                <event name="onload" application="true" active="true">
                  <InternalHandlers>
                    <Handler functionName="Mscrm.ContactMainSystemLibraryWebResource.form_onload" libraryName="Contact_main_system_library.js" handlerUniqueId="4ea24ebd-795d-434e-af94-6812c3867b54" enabled="true" />
                  </InternalHandlers>
                </event>
              </events>
              <Navigation>
                <NavBar>
                  <NavBarByRelationshipItem RelationshipName="invoice_customer_contacts" Id="navInvoices" Sequence="10" Area="Info" Show="false">
                    <Privileges>
                      <Privilege Entity="" Privilege="ReadActivity" />
                    </Privileges>
                    <Titles>
                      <Title LCID="1033" Text="Invoice" />
                      <Title LCID="3082" Text="Facturas" />
                    </Titles>
                  </NavBarByRelationshipItem>
                  <NavBarByRelationshipItem RelationshipName="quote_customer_contacts" Id="navQuotes" Sequence="10" Area="Info" Show="false">
                    <Privileges>
                      <Privilege Entity="" Privilege="ReadActivity" />
                    </Privileges>
                    <Titles>
                      <Title LCID="1033" Text="Quote" />
                      <Title LCID="3082" Text="Ofertas" />
                    </Titles>
                  </NavBarByRelationshipItem>
                  <NavBarByRelationshipItem RelationshipName="contract_customer_contacts" Id="navContracts" Sequence="10" Area="Info" Show="false">
                    <Privileges>
                      <Privilege Entity="" Privilege="ReadActivity" />
                    </Privileges>
                    <Titles>
                      <Title LCID="1033" Text="Contract" />
                      <Title LCID="3082" Text="Contratos" />
                    </Titles>
                  </NavBarByRelationshipItem>
                  <NavBarByRelationshipItem RelationshipName="contact_customer_relationship_customer" Id="navRelationships" Sequence="10" Area="Info" Show="false">
                    <Privileges>
                      <Privilege Entity="" Privilege="ReadActivity" />
                    </Privileges>
                    <Titles>
                      <Title LCID="1033" Text="CustomerRelationship" />
                      <Title LCID="3082" Text="Relaciones de cliente" />
                    </Titles>
                  </NavBarByRelationshipItem>
                  <NavBarByRelationshipItem RelationshipName="Contact_CustomerAddress" Id="navAddresses" Sequence="10" Area="Info" Show="false">
                    <Privileges>
                      <Privilege Entity="" Privilege="ReadActivity" />
                    </Privileges>
                    <Titles>
                      <Title LCID="1033" Text="Addresses" />
                      <Title LCID="3082" Text="Direcciones" />
                    </Titles>
                  </NavBarByRelationshipItem>
                  <NavBarByRelationshipItem RelationshipName="order_customer_contacts" Id="navOrders" Sequence="10" Area="Info" Show="false">
                    <Privileges>
                      <Privilege Entity="" Privilege="ReadActivity" />
                    </Privileges>
                    <Titles>
                      <Title LCID="1033" Text="SalesOrder" />
                      <Title LCID="3082" Text="Pedidos" />
                    </Titles>
                  </NavBarByRelationshipItem>
                  <NavBarByRelationshipItem RelationshipName="contact_customer_contacts" Id="navSubConts" Sequence="10" Area="Info" Show="false">
                    <Privileges>
                      <Privilege Entity="" Privilege="ReadActivity" />
                    </Privileges>
                    <Titles>
                      <Title LCID="1033" Text="Contacts" />
                      <Title LCID="3082" Text="Contactos" />
                    </Titles>
                  </NavBarByRelationshipItem>
                  <NavBarByRelationshipItem RelationshipName="listcontact_association" Id="navListsInSFA" Sequence="10" Area="Info" Show="false">
                    <Privileges>
                      <Privilege Entity="" Privilege="ReadActivity" />
                    </Privileges>
                    <Titles>
                      <Title LCID="1033" Text="List" />
                      <Title LCID="3082" Text="Listas de marketing" />
                    </Titles>
                  </NavBarByRelationshipItem>
                  <NavBarByRelationshipItem RelationshipName="hardcoded_{B7196B13-6B9D-42CD-BD58-B19A3953126F}navCampaignsInSFA" Sequence="20" Area="Marketing" Id="navCampaignsInSFA" Show="false">
                    <Titles>
                      <Title LCID="1033" Text="Campaigns" />
                      <Title LCID="3082" Text="Campañas" />
                    </Titles>
                  </NavBarByRelationshipItem>
                  <NavBarByRelationshipItem RelationshipName="hardcoded_{B7196B13-6B9D-42CD-BD58-B19A3953126F}navAsyncOperations" Sequence="9500" Area="ProcessCenter" Id="navAsyncOperations" Show="false">
                    <Titles>
                      <Title LCID="1033" Text="Workflows" />
                      <Title LCID="3082" Text="Procesos en segundo plano" />
                    </Titles>
                  </NavBarByRelationshipItem>
                  <NavBarByRelationshipItem RelationshipName="hardcoded_{B7196B13-6B9D-42CD-BD58-B19A3953126F}navProcessSessions" Sequence="9700" Area="ProcessCenter" Id="navProcessSessions" Show="false">
                    <Titles>
                      <Title LCID="1033" Text="Dialog Sessions" />
                      <Title LCID="3082" Text="Sesiones de proceso" />
                    </Titles>
                  </NavBarByRelationshipItem>
                </NavBar>
                <NavBarAreas>
                  <NavBarArea Id="Info">
                    <Titles>
                      <Title LCID="3082" Text="Común" />
                    </Titles>
                  </NavBarArea>
                  <NavBarArea Id="Sales">
                    <Titles>
                      <Title LCID="3082" Text="Ventas" />
                    </Titles>
                  </NavBarArea>
                  <NavBarArea Id="Service">
                    <Titles>
                      <Title LCID="3082" Text="Servicio" />
                    </Titles>
                  </NavBarArea>
                  <NavBarArea Id="Marketing">
                    <Titles>
                      <Title LCID="3082" Text="Marketing" />
                    </Titles>
                  </NavBarArea>
                  <NavBarArea Id="ProcessCenter">
                    <Titles>
                      <Title LCID="3082" Text="Sesiones de proceso" />
                    </Titles>
                  </NavBarArea>
                </NavBarAreas>
              </Navigation>
              <DisplayConditions FallbackForm="true" Order="3">
                <Role Id="{627090ff-40a3-4053-8790-584edc5be201}" />
                <Role Id="{119f245c-3cc8-4b62-b31c-d1a046ced15d}" />
              </DisplayConditions>
            </form>
            <IsCustomizable>1</IsCustomizable>
            <CanBeDeleted>1</CanBeDeleted>
            <LocalizedNames>
              <LocalizedName description="Tarjeta Contacto" languagecode="3082" />
            </LocalizedNames>
          </systemform>
        </forms>
      </FormXml>
      <RibbonDiffXml>
        <CustomActions />
        <Templates>
          <RibbonTemplates Id="Mscrm.Templates"></RibbonTemplates>
        </Templates>
        <CommandDefinitions />
        <RuleDefinitions>
          <TabDisplayRules />
          <DisplayRules />
          <EnableRules />
        </RuleDefinitions>
        <LocLabels />
      </RibbonDiffXml>
    </Entity>
  </Entities>
  <Roles></Roles>
  <Workflows></Workflows>
  <FieldSecurityProfiles></FieldSecurityProfiles>
  <Templates />
  <EntityMaps />
  <EntityRelationships />
  <OrganizationSettings />
  <optionsets />
  <Languages>
    <Language>3082</Language>
  </Languages>
</ImportExportXml>