<ImportExportXml version="8.2.0002.0111" SolutionPackageVersion="8.2" languagecode="3082" generatedBy="CrmLive" xmlns:xsi="http://www.w3.org/2001/XMLSchema-instance">
  <SolutionManifest>
    <UniqueName>CursoUDEMPersonalizaciones</UniqueName>
    <LocalizedNames>
      <LocalizedName description="Curso UDEM Personalizaciones" languagecode="3082" />
    </LocalizedNames>
    <Descriptions />
    <Version>1.0</Version>
    <Managed>0</Managed>
    <Publisher>
      <UniqueName>editorcurso</UniqueName>
      <LocalizedNames>
        <LocalizedName description="Editor Curso" languagecode="3082" />
      </LocalizedNames>
      <Descriptions />
      <EMailAddress xsi:nil="true"></EMailAddress>
      <SupportingWebsiteUrl xsi:nil="true"></SupportingWebsiteUrl>
      <CustomizationPrefix>curso</CustomizationPrefix>
      <CustomizationOptionValuePrefix>82566</CustomizationOptionValuePrefix>
      <Addresses>
        <Address>
          <AddressNumber>1</AddressNumber>
          <AddressTypeCode>1</AddressTypeCode>
          <City xsi:nil="true"></City>
          <County xsi:nil="true"></County>
          <Country xsi:nil="true"></Country>
          <Fax xsi:nil="true"></Fax>
          <FreightTermsCode xsi:nil="true"></FreightTermsCode>
          <ImportSequenceNumber xsi:nil="true"></ImportSequenceNumber>
          <Latitude xsi:nil="true"></Latitude>
          <Line1 xsi:nil="true"></Line1>
          <Line2 xsi:nil="true"></Line2>
          <Line3 xsi:nil="true"></Line3>
          <Longitude xsi:nil="true"></Longitude>
          <Name xsi:nil="true"></Name>
          <PostalCode xsi:nil="true"></PostalCode>
          <PostOfficeBox xsi:nil="true"></PostOfficeBox>
          <PrimaryContactName xsi:nil="true"></PrimaryContactName>
          <ShippingMethodCode>1</ShippingMethodCode>
          <StateOrProvince xsi:nil="true"></StateOrProvince>
          <Telephone1 xsi:nil="true"></Telephone1>
          <Telephone2 xsi:nil="true"></Telephone2>
          <Telephone3 xsi:nil="true"></Telephone3>
          <TimeZoneRuleVersionNumber xsi:nil="true"></TimeZoneRuleVersionNumber>
          <UPSZone xsi:nil="true"></UPSZone>
          <UTCOffset xsi:nil="true"></UTCOffset>
          <UTCConversionTimeZoneCode xsi:nil="true"></UTCConversionTimeZoneCode>
        </Address>
        <Address>
          <AddressNumber>2</AddressNumber>
          <AddressTypeCode>1</AddressTypeCode>
          <City xsi:nil="true"></City>
          <County xsi:nil="true"></County>
          <Country xsi:nil="true"></Country>
          <Fax xsi:nil="true"></Fax>
          <FreightTermsCode xsi:nil="true"></FreightTermsCode>
          <ImportSequenceNumber xsi:nil="true"></ImportSequenceNumber>
          <Latitude xsi:nil="true"></Latitude>
          <Line1 xsi:nil="true"></Line1>
          <Line2 xsi:nil="true"></Line2>
          <Line3 xsi:nil="true"></Line3>
          <Longitude xsi:nil="true"></Longitude>
          <Name xsi:nil="true"></Name>
          <PostalCode xsi:nil="true"></PostalCode>
          <PostOfficeBox xsi:nil="true"></PostOfficeBox>
          <PrimaryContactName xsi:nil="true"></PrimaryContactName>
          <ShippingMethodCode>1</ShippingMethodCode>
          <StateOrProvince xsi:nil="true"></StateOrProvince>
          <Telephone1 xsi:nil="true"></Telephone1>
          <Telephone2 xsi:nil="true"></Telephone2>
          <Telephone3 xsi:nil="true"></Telephone3>
          <TimeZoneRuleVersionNumber xsi:nil="true"></TimeZoneRuleVersionNumber>
          <UPSZone xsi:nil="true"></UPSZone>
          <UTCOffset xsi:nil="true"></UTCOffset>
          <UTCConversionTimeZoneCode xsi:nil="true"></UTCConversionTimeZoneCode>
        </Address>
      </Addresses>
    </Publisher>
    <RootComponents>
      <RootComponent type="1" schemaName="contact" behavior="1" />
      <RootComponent type="60" id="{85032b7b-a37a-416d-a9b4-21bd43eb2f4d}" behavior="0" />
    </RootComponents>
    <MissingDependencies>
      <MissingDependency>
        <Required key="0" type="2" schemaName="potrv_questionstaken" displayName="Questions Taken" parentSchemaName="contact" parentDisplayName="Contacto" solution="PowerTrivia (1.0.1.2016)" />
        <Dependent key="1" type="60" displayName="Tarjeta Contacto" parentDisplayName="Contacto" id="{85032b7b-a37a-416d-a9b4-21bd43eb2f4d}" />
      </MissingDependency>
      <MissingDependency>
        <Required key="2" type="2" schemaName="potrv_triviascore" displayName="Trivia Score" parentSchemaName="contact" parentDisplayName="Contacto" solution="PowerTrivia (1.0.1.2016)" />
        <Dependent key="1" type="60" displayName="Tarjeta Contacto" parentDisplayName="Contacto" id="{85032b7b-a37a-416d-a9b4-21bd43eb2f4d}" />
      </MissingDependency>
      <MissingDependency>
        <Required key="3" type="2" schemaName="potrv_questionscorrect" displayName="Questions Correct" parentSchemaName="contact" parentDisplayName="Contacto" solution="PowerTrivia (1.0.1.2016)" />
        <Dependent key="1" type="60" displayName="Tarjeta Contacto" parentDisplayName="Contacto" id="{85032b7b-a37a-416d-a9b4-21bd43eb2f4d}" />
      </MissingDependency>
      <MissingDependency>
        <Required key="4" type="2" schemaName="potrv_gameplaying" displayName="Game Playing" parentSchemaName="contact" parentDisplayName="Contacto" solution="PowerTrivia (1.0.1.2016)" />
        <Dependent key="1" type="60" displayName="Tarjeta Contacto" parentDisplayName="Contacto" id="{85032b7b-a37a-416d-a9b4-21bd43eb2f4d}" />
      </MissingDependency>
    </MissingDependencies>
  </SolutionManifest>
</ImportExportXml>